crim,zn,indus,chas,nox,rm,age,dis,rad,tax,ptratio,b,lstat,medv
0.010663546775557666,18.0,2.31,0,0.5747976679297936,5.9543491033491645,80.18023842902909,4.09,1,296,15.3,396.9,4.98,24.0
0.053947003854027405,0.0,7.07,0,0.5373145876585435,6.002693567098724,85.1160245571527,4.9671,2,242,17.8,396.9,9.14,21.6
0.05092305733601662,0.0,7.07,0,0.5307944012072129,6.64813266911271,63.99094666629078,4.9671,2,242,17.8,392.83,4.03,34.7
0.058244287566729044,0.0,2.18,0,0.503308243478953,6.537333881232736,63.30666825977743,6.0622,3,222,18.7,394.63,2.94,33.4
0.10896154356127512,0.0,2.18,0,0.49086865470909125,6.644125517706518,62.586600805789324,6.0622,3,222,18.7,396.9,5.33,36.2
0.04710321821601783,0.0,2.18,0,0.5215387237416541,5.80215481373927,67.44583491772477,6.0622,3,222,18.7,394.12,5.21,28.7
0.13499910105916516,12.5,7.87,0,0.5728546015474738,5.492890093198009,83.24097070924529,5.5605,5,311,15.2,395.6,12.43,22.9
0.27942788093588344,12.5,7.87,0,0.5863781631197347,5.667356345184385,108.88115004700329,5.9505,5,311,15.2,396.9,19.15,27.1
0.38034976754031774,12.5,7.87,0,0.5580557234120563,5.266985614097992,112.27943886040804,6.0821,5,311,15.2,386.63,29.93,16.5
0.31526033056421976,12.5,7.87,0,0.5680062497704623,5.429374643397278,106.72501172450542,6.5921,5,311,15.2,386.71,17.1,18.9
0.3396496234610915,12.5,7.87,0,0.5740524369971819,5.812451581885893,101.08240884809928,6.3467,5,311,15.2,392.52,20.45,15.0
0.23317265516673474,12.5,7.87,0,0.5744698059376474,5.292674527669455,97.5392006404062,6.2267,5,311,15.2,396.9,13.27,18.9
0.1797032354271318,12.5,7.87,0,0.5694993452852076,5.4197778234953,49.285065624485426,5.4509,5,311,15.2,390.5,15.71,21.7
1.0115013391703755,0.0,8.14,0,0.594228499323475,5.427084967233606,73.14296139431629,4.7075,4,307,21.0,396.9,8.26,20.4
1.014938528039721,0.0,8.14,0,0.5773237957061741,5.5710616316289245,102.14234213206265,4.4619,4,307,21.0,380.02,10.26,18.2
0.9986180777184729,0.0,8.14,0,0.5865762051497871,5.176254672023652,69.03917878144811,4.4986,4,307,21.0,395.62,8.47,19.9
1.7412200135611728,0.0,8.14,0,0.589202956317119,5.444529553238695,41.99148039524817,4.4986,4,307,21.0,386.85,6.58,23.1
1.3820569968430005,0.0,8.14,0,0.5931443883405876,5.4620978474229664,97.06253668654901,4.2579,4,307,21.0,386.75,14.67,17.5
1.3774282929571064,0.0,8.14,0,0.5951161487808889,4.895210349028346,44.775236352285575,3.7965,4,307,21.0,288.99,11.69,20.2
1.1943870549778695,0.0,8.14,0,0.5767535790816214,5.208339087684364,75.30395166330497,3.7965,4,307,21.0,390.95,11.28,18.2
2.2606406675422637,0.0,8.14,0,0.5726588582926438,5.1146433614550535,102.87595402989483,3.7979,4,307,21.0,376.57,21.02,13.6
1.337487174514983,0.0,8.14,0,0.6007767682189851,5.445591000710169,89.36821705311999,4.0123,4,307,21.0,392.53,13.83,19.6
2.0287347574901,0.0,8.14,0,0.5913231401197959,5.534636825014023,111.98103564970161,3.9769,4,307,21.0,396.9,18.72,15.2
1.663706518383392,0.0,8.14,0,0.5805151346344345,5.415651529941106,104.48395817139158,4.0952,4,307,21.0,394.54,19.88,14.5
1.296475533179337,0.0,8.14,0,0.6035115197552252,5.410703032585313,102.99373188207113,4.3996,4,307,21.0,394.33,16.3,15.6
1.5907959012946418,0.0,8.14,0,0.5891567463429286,5.169012081493918,94.3159335005554,4.4546,4,307,21.0,303.42,16.51,13.9
1.0749464054850117,0.0,8.14,0,0.5997929718406383,5.193495337107516,101.8370334890455,4.682,4,307,21.0,376.88,14.81,16.6
1.679399924601289,0.0,8.14,0,0.5886751848141011,5.6993186904783775,102.87868606269649,4.4534,4,307,21.0,306.38,17.28,14.8
1.388450268792335,0.0,8.14,0,0.6086074792488199,6.050892184727159,108.70236744179873,4.4547,4,307,21.0,387.94,12.8,18.4
1.526957108115581,0.0,8.14,0,0.6055534084244321,6.136278812493549,94.3846128071553,4.239,4,307,21.0,380.23,11.98,21.0
2.039723896989333,0.0,8.14,0,0.5855103585152093,5.056447597076566,103.26439143106793,4.233,4,307,21.0,360.17,22.6,12.7
2.147586220420824,0.0,8.14,0,0.5977157095095436,5.578575026107298,111.4128997524415,4.175,4,307,21.0,376.73,13.04,14.5
2.127130480273819,0.0,8.14,0,0.5944537594958516,5.50551995266932,90.75654436908226,3.99,4,307,21.0,232.6,27.71,13.2
2.274005225482705,0.0,8.14,0,0.6016863155753235,5.012884293055941,113.03672788009996,3.7872,4,307,21.0,358.77,18.35,13.1
3.1979253277916553,0.0,8.14,0,0.578350765394199,5.740801390041624,109.35487475819126,3.7598,4,307,21.0,248.31,20.34,13.5
0.12219242891431667,0.0,5.96,0,0.5558605145999844,5.652880595662008,81.8743889302491,3.3603,5,279,19.2,396.9,9.68,18.9
0.1610007828341266,0.0,5.96,0,0.5595842448684959,5.296998554994667,74.71440634333706,3.3779,5,279,19.2,377.56,11.41,20.0
0.12412372160823582,0.0,5.96,0,0.5314126051357688,5.400205422435261,57.36736928742663,3.9342,5,279,19.2,396.9,8.77,21.0
0.3224624956454765,0.0,5.96,0,0.5371674148733423,5.5681232817130715,41.105107793518535,3.8473,5,279,19.2,393.43,10.13,24.7
0.04752570670101259,75.0,2.95,0,0.457607678222399,6.024164355270065,25.315840260220767,5.4011,3,252,18.3,395.63,4.32,30.8
0.052434632154218064,75.0,2.95,0,0.4753059316555544,6.49961992862288,27.79843975876321,5.4011,3,252,18.3,395.62,1.98,34.9
0.22271267271229014,0.0,6.91,0,0.5051754225579597,6.326407863073673,9.643215531040855,5.7209,3,233,17.9,385.41,4.84,26.6
0.2146829878689017,0.0,6.91,0,0.5130235705209603,5.797030439867089,13.956916591251215,5.7209,3,233,17.9,383.37,5.81,25.3
0.31149464963763734,0.0,6.91,0,0.49874094780419775,5.623754267171986,19.431820093775464,5.7209,3,233,17.9,394.46,7.44,24.7
0.19990985797125302,0.0,6.91,0,0.514286155455713,5.503979882204134,56.19141535716818,5.7209,3,233,17.9,389.39,9.55,21.2
0.3139147849919798,0.0,6.91,0,0.4841989854178511,5.191917586377938,43.90635788368031,5.1004,3,233,17.9,396.9,10.21,19.3
0.3118969491461007,0.0,6.91,0,0.48096617560644844,5.101336300395233,44.84416506299482,5.1004,3,233,17.9,396.9,14.15,20.0
0.40352299760771837,0.0,6.91,0,0.4974445230110338,5.637008476632616,104.0110747231762,5.6894,3,233,17.9,392.74,18.8,16.6
0.4502016693084392,0.0,6.91,0,0.5018406544893931,5.051552517092474,106.50376589744283,5.87,3,233,17.9,396.9,30.81,14.4
0.3499677318454225,0.0,6.91,0,0.4976730525190591,5.1711908069881245,85.00841557090197,6.0877,3,233,17.9,396.9,16.2,19.4
0.17611062201077465,21.0,5.64,0,0.46832557899960126,5.46755860163555,58.52754822815773,6.8147,4,243,16.8,395.56,13.45,19.7
0.08186375527458577,21.0,5.64,0,0.48810879960487213,5.590666055067731,64.19618620422091,6.8147,4,243,16.8,393.97,9.43,20.5
0.10557857163392027,21.0,5.64,0,0.4759553049949515,6.035123605785633,34.86670810552266,6.8147,4,243,16.8,396.9,5.28,25.0
0.0970006751624006,21.0,5.64,0,0.4956967254883004,5.4627944603485705,33.30579192441389,6.8147,4,243,16.8,396.9,8.43,23.4
0.024465719855915377,75.0,4.0,0,0.46366598246096846,5.513153942419044,64.04876377041373,7.3197,3,469,21.1,396.9,14.8,18.9
0.02570788561057653,90.0,1.22,0,0.4436012021367265,6.604623539592674,35.26590675634979,8.6966,5,226,17.9,395.93,4.81,35.4
0.03173426045858347,85.0,0.74,0,0.45486133082663305,5.891215117839257,45.007720080081135,9.1876,2,313,17.3,396.9,5.77,24.7
0.022883237294921078,100.0,1.32,0,0.45040786478111045,6.204270416841187,44.37850881855317,8.3248,5,256,15.1,392.9,3.95,31.6
0.2351676773861163,25.0,5.13,0,0.5023732090272683,5.610727465362229,38.15488371356987,7.8148,8,284,19.7,390.68,6.86,23.3
0.17172005828061498,25.0,5.13,0,0.5125514232050123,5.381324678084622,52.947397728953504,6.932,8,284,19.7,396.9,9.22,19.6
0.25299864644821674,25.0,5.13,0,0.49314273953664456,5.18402327197678,73.2973827509764,7.2254,8,284,19.7,395.11,13.15,18.7
0.28086167112294785,25.0,5.13,0,0.5080404651551784,5.421229143998269,106.34289202210306,6.8185,8,284,19.7,378.08,14.44,16.0
0.21109744256709165,25.0,5.13,0,0.49769742381627563,5.891727724013246,86.14952252175704,7.2255,8,284,19.7,396.9,6.73,22.2
0.21231464791336954,25.0,5.13,0,0.4950712716773766,6.129084746986757,55.37335764911491,7.9809,8,284,19.7,395.58,9.5,25.0
0.032005516142000395,17.5,1.38,0,0.46502969640045444,6.584347883029853,63.52058468982408,9.2229,3,216,18.6,393.24,8.05,33.0
0.06348511381019581,80.0,3.37,0,0.4376475767758063,5.7190996242411485,30.023013341100704,6.6115,4,337,16.1,396.9,4.67,23.5
0.06877053590582242,80.0,3.37,0,0.4424635069465282,5.295973569428723,47.08315743322826,6.6115,4,337,16.1,396.9,10.24,19.4
0.11005459160792568,12.5,6.07,0,0.44702122107411146,5.233988278455053,28.351085478403085,6.498,4,345,18.9,396.21,8.1,22.0
0.20836229712217805,12.5,6.07,0,0.47864725132916386,5.161639230205927,46.12991416663541,6.498,4,345,18.9,396.9,13.09,17.4
0.25547971489736115,12.5,6.07,0,0.4593526355197173,5.204905956708918,43.07344097364599,6.498,4,345,18.9,396.9,8.79,20.9
0.1664691616690615,0.0,10.81,0,0.45600274492007414,5.921015795064434,12.6755084345888,5.2873,4,305,19.2,383.73,6.72,24.2
0.2539140508001826,0.0,10.81,0,0.4651397991073422,5.6040775102118054,30.741402169219295,5.2873,4,305,19.2,376.94,9.88,21.7
0.13771302340660346,0.0,10.81,0,0.46187671950309167,5.552189558508921,17.19525925696109,5.2873,4,305,19.2,390.91,5.52,22.8
0.37275150425289505,0.0,10.81,0,0.46079030400466775,5.813105165747488,18.297662219535137,5.2873,4,305,19.2,377.17,7.54,23.4
0.14634672793510395,0.0,12.83,0,0.49314166700043427,5.688935645101127,11.5625391109895,4.2515,5,398,18.7,394.92,6.78,24.1
0.17735158091202935,0.0,12.83,0,0.49457507710047305,5.851262397930238,52.812708498382946,4.5026,5,398,18.7,383.23,8.94,21.4
0.19144853914951201,0.0,12.83,0,0.4816949885238947,5.823618343321478,88.11190678913886,4.0522,5,398,18.7,373.66,11.97,20.0
0.13382853391324362,0.0,12.83,0,0.4812418175935532,5.828954073094553,53.935834239541165,4.0905,5,398,18.7,386.96,10.27,20.8
0.09480948751680482,0.0,12.83,0,0.4842494830284836,5.777230631924908,72.33481925616704,5.0141,5,398,18.7,386.4,12.34,21.2
0.13066396901118632,0.0,12.83,0,0.46398078835264417,5.616387932662896,44.60181907192699,4.5026,5,398,18.7,396.06,9.1,20.3
0.07944472195313158,25.0,4.86,0,0.46084808937801447,6.385390282348572,44.623423628759426,5.4007,4,281,19.0,396.9,5.29,28.0
0.08083578120952281,25.0,4.86,0,0.48966874267444527,6.04295853438557,85.06295415936546,5.4007,4,281,19.0,395.63,7.22,23.9
0.060938779364679216,25.0,4.86,0,0.49244967713501286,5.7234199841349165,35.108171335334845,5.4007,4,281,19.0,396.9,6.72,24.8
0.05439347850932835,25.0,4.86,0,0.4735096396044362,5.6244542438215035,47.89595594009612,5.4007,4,281,19.0,390.64,7.51,22.9
0.08375129782779768,0.0,4.49,0,0.5047655696305576,5.9856976143129215,50.371718427149524,4.7794,3,247,18.5,396.9,9.62,23.9
0.09534963175911697,0.0,4.49,0,0.5021125015454354,6.134771135614198,72.41292051713592,4.4377,3,247,18.5,392.3,6.53,26.6
0.09674598426608938,0.0,4.49,0,0.5297888080845524,5.515360253909057,52.340709270537765,4.4272,3,247,18.5,395.99,12.86,22.5
0.13006086738830566,0.0,4.49,0,0.5101957491143457,5.736836468919255,79.59099642834126,3.7476,3,247,18.5,395.15,8.44,22.2
0.11000812061491004,0.0,3.41,0,0.5377208240851923,6.356660169823285,93.47876200671305,3.4217,2,270,17.8,396.9,5.5,23.6
0.09204841766604327,0.0,3.41,0,0.5294445955939957,6.491263770942433,74.02275651598518,3.4145,2,270,17.8,396.06,5.7,28.7
0.07306089723987504,0.0,3.41,0,0.5229355367974242,5.939096417382967,83.81054976283937,3.0923,2,270,17.8,392.18,8.81,22.6
0.07300239251680408,0.0,3.41,0,0.5410346363586722,5.902311416100547,93.93046444079562,3.0921,2,270,17.8,393.55,8.2,22.0
0.0790328977966841,28.0,15.04,0,0.506436492547157,5.921161719205245,73.90751788318198,3.6659,4,270,18.2,395.01,8.16,22.9
0.05119335971506151,28.0,15.04,0,0.4997774629040233,5.91517348684243,44.94183115296571,3.6659,4,270,18.2,396.33,6.21,25.0
0.08096266535362442,28.0,15.04,0,0.5075342711575748,5.773717738252059,92.4203126290573,3.615,4,270,18.2,396.9,10.59,20.6
0.21319140729015512,0.0,2.89,0,0.48418451996385603,6.19319842479978,70.76263474600592,3.4952,2,276,18.0,357.98,6.65,28.4
0.20262759234605232,0.0,2.89,0,0.5118714163507256,5.7631620009894915,83.49180538083318,3.4952,2,276,18.0,391.83,11.34,21.4
0.20707489062413179,0.0,2.89,0,0.5038163975694945,7.597110029288596,83.24407141835734,3.4952,2,276,18.0,396.9,4.21,38.7
0.12384553195326953,0.0,2.89,0,0.4949202735868338,7.140231347315048,42.80900558288846,3.4952,2,276,18.0,393.53,3.57,43.8
0.10660067594587033,0.0,2.89,0,0.5097994413889002,6.851915713873299,72.48312771294525,3.4952,2,276,18.0,396.9,6.19,33.2
0.22532613137209492,0.0,8.56,0,0.5707736830764762,6.28411789897828,89.04907688737536,2.7778,5,384,20.9,394.76,9.42,27.5
0.2078572191078377,0.0,8.56,0,0.5613871579867173,6.223741721864384,79.03385975336363,2.8561,5,384,20.9,395.58,7.67,26.5
0.37909603711551026,0.0,8.56,0,0.5852312407726966,5.7650644563414,98.88193723728358,2.7147,5,384,20.9,70.8,10.63,18.6
0.3712243219786814,0.0,8.56,0,0.5753891004368467,5.544536631708723,102.17652604285256,2.7147,5,384,20.9,394.47,13.44,19.3
0.2727481398800413,0.0,8.56,0,0.5596275384567354,5.661036963007982,100.44203443145923,2.421,5,384,20.9,392.69,12.33,20.1
0.21546056771486188,0.0,8.56,0,0.5680966132191639,5.415693677770557,114.08765040527632,2.1069,5,384,20.9,394.05,16.47,19.5
0.29192877821184987,0.0,8.56,0,0.5612438174661525,5.266177668638641,96.19155442933248,2.211,5,384,20.9,395.67,18.66,19.5
0.24630782142134586,0.0,8.56,0,0.5561720026903567,5.587651461457825,94.23170270360141,2.1224,5,384,20.9,387.69,14.09,20.4
0.20667537057311874,0.0,8.56,0,0.5792617754753164,5.884480677997227,103.51588839698597,2.4329,5,384,20.9,395.24,12.27,19.8
0.4055921068140823,0.0,8.56,0,0.5890941664047014,5.665482819831803,91.8673169146347,2.5451,5,384,20.9,391.23,15.55,19.4
0.1775314371564915,0.0,8.56,0,0.5560143242618086,5.590044728468067,63.9865965707865,2.7778,5,384,20.9,393.49,13.0,21.7
0.1593887773033469,0.0,10.01,0,0.6026296923669058,6.268523521156057,90.99126245808358,2.6775,6,432,17.8,395.59,10.16,22.8
0.2422462117786579,0.0,10.01,0,0.5904935743087818,5.281260593436568,110.46724871621066,2.3534,6,432,17.8,394.95,16.21,18.8
0.4229298493544242,0.0,10.01,0,0.5921287461623531,5.57224003953076,108.55405842277389,2.548,6,432,17.8,396.9,17.09,18.7
0.2585348442944992,0.0,10.01,0,0.5910760607576113,5.546473912737473,89.07906587835397,2.2565,6,432,17.8,388.74,10.45,18.5
0.33166802876138174,0.0,10.01,0,0.5883600923032019,5.496918781808957,107.47046283167094,2.4631,6,432,17.8,344.91,15.76,18.3
0.2502435859391927,0.0,10.01,0,0.5974852162794483,5.502403619683475,88.60516847762676,2.7301,6,432,17.8,393.3,12.04,21.2
0.24055417374530685,0.0,10.01,0,0.5886904988358896,5.501208921653735,95.51048851734308,2.7474,6,432,17.8,394.51,10.3,19.2
0.25414517701141065,0.0,10.01,0,0.5997045682577984,5.437141800361445,81.96757950575083,2.4775,6,432,17.8,338.63,15.37,20.4
0.2561775914698548,0.0,10.01,0,0.5964976189055087,5.279388583405432,70.4028038163826,2.7592,6,432,17.8,391.5,13.61,19.3
0.13133764815238433,0.0,25.65,0,0.6286105195313358,5.402034730819432,77.83896611964474,2.2577,2,188,19.1,389.15,14.37,22.0
0.13957747081975916,0.0,25.65,0,0.621924363379584,5.461583405359808,99.54374309852092,2.1974,2,188,19.1,377.67,14.27,20.3
0.1542705715688168,0.0,25.65,0,0.6252322866943166,5.40871645119645,112.32293152967304,2.0869,2,188,19.1,378.09,17.93,20.5
0.23384480420523604,0.0,25.65,0,0.6385539122582575,5.413370000393858,114.71621764136094,1.9444,2,188,19.1,370.31,25.41,17.3
0.15895966707937792,0.0,25.65,0,0.6360091718762437,5.381435459226098,103.35575289106863,2.0063,2,188,19.1,379.38,17.58,18.8
0.2896248792168049,0.0,25.65,0,0.6212244475520144,5.271772964138814,92.80191283355495,1.9929,2,188,19.1,385.02,14.81,21.4
0.739454009790039,0.0,25.65,0,0.6319933230542922,4.9402456829899295,106.30443123455602,1.7572,2,188,19.1,359.29,27.26,15.7
0.5002541653254406,0.0,21.89,0,0.6815138712337179,5.149367633032597,97.15780317218574,1.7883,4,437,21.2,392.11,17.19,16.2
0.4892762159193827,0.0,21.89,0,0.6573059471887863,5.92719965218318,110.41583857092391,1.8125,4,437,21.2,396.9,15.39,18.0
1.54692303019824,0.0,21.89,0,0.6794336019237993,5.124996867328173,103.96198706850666,1.9799,4,437,21.2,396.9,18.34,14.3
0.5810623928653869,0.0,21.89,0,0.6673737624105416,5.896648202726959,106.56981749065879,2.1185,4,437,21.2,395.04,12.6,19.2
1.9218906457114764,0.0,21.89,0,0.6797059866859316,5.92827925651984,99.72648466366603,2.271,4,437,21.2,396.9,12.26,19.6
0.9204382799976197,0.0,21.89,0,0.6663674084345749,5.897737653742334,110.46800053284859,2.3274,4,437,21.2,385.76,11.12,23.0
0.5504061179161722,0.0,21.89,0,0.6559511789933548,5.488858407387759,102.73649580169045,2.4699,4,437,21.2,388.69,15.03,18.4
1.924475082834142,0.0,21.89,0,0.6577245756211684,5.217077687739472,102.55041582144857,2.346,4,437,21.2,262.76,17.31,15.6
0.9268080657112685,0.0,21.89,0,0.6744808494666138,5.770280406029726,93.83868893359175,2.1107,4,437,21.2,394.67,16.96,18.1
0.5676513030996398,0.0,21.89,0,0.6765972250172149,5.490318646229937,103.36242547474681,1.9669,4,437,21.2,378.25,16.9,17.4
0.6523423348937689,0.0,21.89,0,0.6649568337489559,5.796601323670997,117.26125798334873,1.8498,4,437,21.2,394.08,14.59,17.1
0.4201173373371738,0.0,21.89,0,0.6803859245877737,5.479576566300234,116.50629607273936,1.6686,4,437,21.2,392.04,21.32,13.3
1.081357389841609,0.0,21.89,0,0.6573847993773104,5.797437488020982,105.61451871706865,1.6687,4,437,21.2,396.9,18.46,17.8
0.57633795904933,0.0,21.89,0,0.6733392020135268,5.651554818144003,100.5889396981911,1.6119,4,437,21.2,388.08,24.16,14.0
2.6479913591365105,0.0,21.89,0,0.6618898380023754,4.414290169738784,112.34387128037511,1.4394,4,437,21.2,396.9,34.41,14.4
5.807268575246954,0.0,19.58,1,0.9144816389219784,4.734607230854213,105.00807280405854,1.3216,5,403,14.7,396.9,26.82,13.4
6.762509393321617,0.0,19.58,0,0.9214739867131642,5.013888426286894,111.50895949909733,1.4118,5,403,14.7,396.9,26.42,15.6
4.565501257920411,0.0,19.58,0,0.9123958663471605,4.29513191665687,111.63040139192344,1.3459,5,403,14.7,396.9,29.29,11.8
3.612893294659267,0.0,19.58,0,0.9171544445577018,5.633850846950071,116.13466611942154,1.4191,5,403,14.7,172.91,27.8,13.8
3.8893958089716887,0.0,19.58,0,0.9310629280921444,5.145262729994082,109.49922961760024,1.5166,5,403,14.7,169.27,16.65,15.6
4.148257794000173,0.0,19.58,0,0.9152310813047685,4.337634006251333,104.68163124911517,1.4608,5,403,14.7,391.71,29.53,14.6
3.556483227188106,0.0,19.58,0,0.9293569211206514,4.620767712158658,99.41008706621719,1.5296,5,403,14.7,356.99,28.32,17.8
4.481860536914484,0.0,19.58,0,0.9097029314534238,5.254639215698425,100.7655982298007,1.5257,5,403,14.7,351.85,21.45,15.4
3.2372166333461796,0.0,19.58,0,0.9262980417791529,5.47434596502741,106.16760554049236,1.618,5,403,14.7,372.8,14.1,21.5
2.4237106241214024,0.0,19.58,0,0.935415686206579,4.7659908645852544,111.8368275340809,1.5916,5,403,14.7,341.6,13.28,19.6
1.771487832500265,0.0,19.58,1,0.8962835549987271,4.574556270150953,102.56792313116625,1.6102,5,403,14.7,343.28,12.12,15.3
3.7497310416666663,0.0,19.58,0,0.9130310474452952,5.169419646656259,104.48410524659828,1.6232,5,403,14.7,261.95,15.79,19.4
2.8175559472721368,0.0,19.58,1,0.9267707212718054,5.579596981371726,113.46344284479761,1.7494,5,403,14.7,321.02,15.12,17.0
5.730348902672935,0.0,19.58,1,0.91896954613957,5.62593262341761,91.24438199478715,1.7455,5,403,14.7,88.01,15.02,15.6
4.492270300563508,0.0,19.58,0,0.9247114587337131,4.827030515384542,103.89316352825782,1.7364,5,403,14.7,88.63,16.14,13.1
2.3013212644619556,0.0,19.58,0,0.6489601481328418,6.510162336793805,103.66394160426088,1.8773,5,403,14.7,363.43,4.59,41.3
2.1738145997873772,0.0,19.58,0,0.6558658978747289,5.5685554070991445,97.8787986986353,1.7573,5,403,14.7,353.89,6.43,24.3
2.656391430549436,0.0,19.58,0,0.9194432276460792,5.892727098074063,114.42022698180524,1.7659,5,403,14.7,364.31,7.39,23.3
2.14436855409633,0.0,19.58,1,0.6666778206165981,5.6956399845405565,106.28421948546216,1.7984,5,403,14.7,338.92,5.5,27.0
2.65768553012871,0.0,19.58,0,0.6575442084330121,7.026061433208611,99.39336221440892,1.9709,5,403,14.7,374.43,1.73,50.0
3.331528888851003,0.0,19.58,1,0.658376026620752,7.2248301289351655,108.53495358612436,2.0407,5,403,14.7,389.61,1.92,50.0
2.68545623030162,0.0,19.58,1,0.6508812303387753,8.159854262063007,106.4796960885205,2.162,5,403,14.7,388.45,3.32,50.0
3.4647710843896014,0.0,19.58,0,0.650123937759275,5.23912342996279,93.98727071556729,2.422,5,403,14.7,395.11,11.64,22.7
5.607212248551466,0.0,19.58,0,0.6506744181218038,5.77497137787781,100.35473661326853,2.2834,5,403,14.7,240.16,9.81,25.0
3.337699439402767,0.0,19.58,0,0.6589445214237829,7.4652440941403135,110.17132339810914,2.0459,5,403,14.7,369.3,3.7,50.0
2.868312771951325,0.0,19.58,0,0.6507901551917974,5.4889669894626145,82.92855288415376,2.4259,5,403,14.7,227.61,12.14,23.8
3.497499567816289,0.0,19.58,0,0.6578977485689641,5.948468147572091,107.56778966083314,2.1,5,403,14.7,297.09,11.1,23.8
4.397999995563947,0.0,19.58,0,0.6757540079864544,5.785917321262148,98.41709097688297,2.2625,5,403,14.7,330.04,11.32,22.3
2.2201823808878043,0.0,19.58,0,0.6637112470343169,5.421770120131189,106.93214991216763,2.4259,5,403,14.7,292.29,14.43,17.4
3.490041288678083,0.0,19.58,0,0.6517397646783216,5.345349611826928,107.12179258851258,2.3887,5,403,14.7,348.13,12.03,19.1
0.24433631406588102,0.0,4.05,0,0.5720121392216395,5.076692057887919,90.42434092047245,2.5961,5,296,16.6,396.9,14.69,23.1
0.14806389112383336,0.0,4.05,0,0.5559192462697845,5.868295917277688,99.92369677228585,2.6463,5,296,16.6,395.5,9.04,23.6
0.15395387280294312,0.0,4.05,0,0.5396187546482215,5.351317810893974,75.02704211600975,2.7019,5,296,16.6,393.23,9.64,22.6
0.10576988941444633,0.0,4.05,0,0.5499191368908259,6.174299222418857,39.048737814928096,3.1323,5,296,16.6,390.96,5.33,29.4
0.12958882398477758,0.0,4.05,0,0.5412920807897414,5.420373318055286,58.20284598615471,3.5549,5,296,16.6,393.23,10.11,23.2
0.09186519626840207,0.0,4.05,0,0.556484865159587,5.864375658316131,89.14318674714357,3.3175,5,296,16.6,395.6,6.29,24.6
0.13073880292594697,0.0,4.05,0,0.5601841837918955,6.515658189865976,79.32089090510802,2.9153,5,296,16.6,391.27,6.92,29.9
0.0906743552858192,0.0,2.46,0,0.5547643731227528,6.522811516096592,68.70839924923986,2.829,3,193,17.8,396.9,5.04,37.2
0.11005472560359551,0.0,2.46,0,0.5412692737376417,7.114924020936568,95.44408250165286,2.741,3,193,17.8,395.56,7.56,39.8
0.10722802807152589,0.0,2.46,0,0.5358089947119113,5.55897782578865,75.66552803631572,2.5979,3,193,17.8,396.9,9.45,36.2
0.1786324300359488,0.0,2.46,0,0.5462940558118349,6.689865213440786,103.08220777638613,2.7006,3,193,17.8,394.12,4.82,37.9
0.1940220612431843,0.0,2.46,0,0.5158886469099211,6.097925770431843,103.76486080458338,2.847,3,193,17.8,396.9,5.68,32.5
0.13533489521528758,0.0,2.46,0,0.5403561455810857,5.136163505121738,95.6620488967564,2.9879,3,193,17.8,391.0,13.98,26.4
0.1106596176318434,0.0,2.46,0,0.5457086519388696,5.445325201643915,79.23071941523187,3.2797,3,193,17.8,387.11,13.15,29.6
0.10692039382763606,0.0,2.46,0,0.5232141375422016,7.292806454776845,58.23930494007197,3.1992,3,193,17.8,392.63,4.45,50.0
0.13998603195672885,45.0,3.44,0,0.4984375404320693,6.238995835280893,36.49324758252696,3.7886,5,398,15.2,393.87,6.68,32.0
0.22199737312570103,45.0,3.44,0,0.49038496407494414,5.952971654596816,41.28279902078834,4.5667,5,398,15.2,382.84,4.56,29.8
0.1356715183741839,45.0,3.44,0,0.482847120860992,6.661121084097348,53.41967420543098,4.5667,5,398,15.2,396.9,5.39,34.9
0.14024127949231946,45.0,3.44,0,0.49332781866106284,6.47690421458207,19.68533782229081,6.4798,5,398,15.2,377.68,5.1,37.0
0.13466829051607723,45.0,3.44,0,0.509706928578044,6.258634984908498,35.751346476450315,6.4798,5,398,15.2,389.71,4.69,30.5
0.16896611023631544,45.0,3.44,0,0.4888186625505849,6.685160125941406,39.39577130502599,6.4798,5,398,15.2,390.49,2.87,36.4
0.03972796443528319,60.0,2.93,0,0.45348220586300336,6.3037222236509844,30.187477348558495,6.2196,1,265,15.6,393.37,5.03,31.1
0.0240243193465954,60.0,2.93,0,0.44640639100459756,6.031237045636302,28.90396853837704,6.2196,1,265,15.6,376.7,4.38,29.1
0.02312629211270042,80.0,0.46,0,0.46350155630535206,7.36980541141927,38.35998529385433,5.6484,4,255,14.4,394.23,2.97,50.0
0.07472404113974265,80.0,1.52,0,0.4623033581654425,6.713735992278442,43.1855177944758,7.309,2,329,12.6,396.9,4.08,33.3
0.09091958236469364,80.0,1.52,0,0.44543916174091136,6.615071658010859,53.47438209574092,7.309,2,329,12.6,354.31,8.61,30.3
0.07323270823315481,80.0,1.52,0,0.45471566237219396,6.766136480968391,45.07017910437732,7.309,2,329,12.6,392.2,6.62,34.6
0.05953303984725757,95.0,1.47,0,0.44822342553234884,6.674820068453211,21.304039966748732,7.6534,3,402,17.0,396.9,4.56,34.9
0.032377661334311615,95.0,1.47,0,0.45778979825746396,6.543367232529752,21.486282389089837,7.6534,3,402,17.0,384.3,4.45,32.9
0.053124310897039714,82.5,2.03,0,0.46833662105286944,5.627351152410201,43.633356958706436,6.27,2,348,14.7,393.77,7.43,24.1
0.03441432855291988,82.5,2.03,0,0.475375399442579,7.010198989014035,26.313351579973975,6.27,2,348,14.7,395.38,3.11,42.3
0.06841962600865023,95.0,2.68,0,0.46099983601145256,7.642625537819368,51.323392292347805,5.118,4,224,14.7,392.78,3.81,48.5
0.03622657990428058,95.0,2.68,0,0.46340125064706633,7.325162529521928,43.515396365580145,5.118,4,224,14.7,390.55,2.88,50.0
0.20525733089077033,0.0,10.59,0,0.5292123628421769,5.404958962815518,31.03823248936856,3.9454,4,277,18.6,396.9,10.87,22.6
0.3561884993404495,0.0,10.59,0,0.5345570673992389,5.715181718326248,61.04094365542228,4.3549,4,277,18.6,394.87,10.97,24.4
0.46158290539876945,0.0,10.59,0,0.5427730049304486,5.386990592712554,74.88404595651672,4.3549,4,277,18.6,389.43,18.06,22.5
0.20414885869859287,0.0,10.59,1,0.5465698861664535,5.502722609493743,73.5155488857358,4.2392,4,277,18.6,381.32,14.66,24.4
0.6885978380415592,0.0,10.59,1,0.5297783467582238,4.949341556317366,109.61081401493598,3.875,4,277,18.6,396.9,23.09,20.0
0.30955604844644735,0.0,10.59,1,0.5476960592010566,5.522376896069581,101.19760043204687,3.8771,4,277,18.6,393.25,17.27,21.7
0.69367018869448,0.0,10.59,1,0.5525563785880495,4.712596864613321,114.5655378392243,3.665,4,277,18.6,395.24,23.98,19.3
0.3965847329756849,0.0,10.59,1,0.543134349032237,5.326068240076335,65.29376454182842,3.6526,4,277,18.6,390.94,16.03,22.4
0.22653716168269894,0.0,10.59,0,0.5577679581255807,5.853256712682028,38.541044749524076,3.9454,4,277,18.6,385.81,9.38,28.1
0.5374307467705894,0.0,10.59,0,0.5312621080089642,4.824993226931125,17.668212018972284,3.5875,4,277,18.6,348.93,29.55,23.7
0.3205200321530582,0.0,10.59,0,0.5265534529668858,5.63243181120274,58.14222854598377,3.9454,4,277,18.6,393.63,9.47,25.0
0.0758191131180313,0.0,13.89,1,0.5822127975109572,5.3729581094856425,66.56635205268883,3.1121,5,276,16.4,392.8,13.51,23.3
0.13137072112046352,0.0,13.89,0,0.6149604431148918,6.105503899753378,87.90861010841316,3.4211,5,276,16.4,392.78,9.69,28.7
0.2019889327977681,0.0,13.89,1,0.6065436565635406,5.210658441476172,108.39614467287602,2.8893,5,276,16.4,396.9,17.92,21.5
0.21988688732447992,0.0,13.89,1,0.5994441532908955,5.878761879703359,99.05927957230503,3.3633,5,276,16.4,393.74,10.5,23.0
0.654877300301915,0.0,6.2,1,0.5597996862631982,6.430890095328503,107.86648888108772,2.8617,8,307,17.4,391.7,9.71,26.7
0.7274175503329525,0.0,6.2,1,0.5457451095270163,5.558934560399239,106.70024032857324,3.048,8,307,17.4,395.24,21.46,21.7
0.9645459191134428,0.0,6.2,1,0.5814575197961682,6.268447406704201,85.46339052170624,3.2721,8,307,17.4,390.39,9.93,27.5
1.035067452070317,0.0,6.2,0,0.5582922118197523,5.999296969443963,97.20508180867556,3.2721,8,307,17.4,396.9,7.6,30.1
0.5148081313005393,0.0,6.2,0,0.5550939479460489,7.702126977797081,88.63927755263701,2.8944,8,307,17.4,385.05,4.14,44.8
0.8546777313928702,0.0,6.2,0,0.561257666238987,8.339300491273049,97.2638683756111,2.8944,8,307,17.4,382.0,4.63,50.0
0.7591231266965498,0.0,6.2,0,0.5588100923173671,7.376656846769889,98.92366408647237,3.2157,8,307,17.4,387.38,3.13,37.6
0.6996228198490394,0.0,6.2,0,0.5562388402427914,6.777634539301869,85.66821672504564,3.2157,8,307,17.4,372.08,6.36,31.6
0.5802846811441317,0.0,6.2,0,0.5460952554455469,7.155736453476097,23.78225083841269,3.3751,8,307,17.4,377.51,3.92,46.7
0.8020822110965354,0.0,6.2,0,0.55871468357136,6.127427585001936,36.549804087905805,3.3751,8,307,17.4,380.34,3.76,31.5
1.0189068350009327,0.0,6.2,0,0.5728202449647504,5.487413834659299,76.4261233394673,3.6715,8,307,17.4,378.35,11.65,24.3
0.8107904343119898,0.0,6.2,0,0.5674542004615498,6.8791237589696514,84.88175768379003,3.6715,8,307,17.4,376.14,5.25,31.7
1.028878517893349,0.0,6.2,0,0.572931866266394,7.804864278454972,78.52438710325323,3.8384,8,307,17.4,385.91,2.47,41.7
0.5788324199850694,0.0,6.2,0,0.5518878432356882,7.704807924576471,82.51799532796731,3.6519,8,307,17.4,378.95,3.95,48.3
0.715590643332311,0.0,6.2,1,0.5471039517974142,6.064628873094136,86.81262459621573,3.6519,8,307,17.4,360.2,8.05,29.0
0.6150421507440823,0.0,6.2,0,0.5557421307990036,5.540646569848603,66.16233542872864,3.6519,8,307,17.4,376.75,10.88,24.0
0.8539522382197304,0.0,6.2,1,0.557557249122887,6.155415663529065,86.6210972833638,4.148,8,307,17.4,388.45,9.54,25.1
0.7739678205493055,0.0,6.2,0,0.5679419151847095,6.761591283171164,88.66110277707713,4.148,8,307,17.4,390.07,4.73,31.5
0.15026636803729346,30.0,4.93,0,0.4610753537028518,5.862052951107536,28.101793043771423,6.1899,6,300,16.6,379.41,6.36,23.7
0.1469731400293701,30.0,4.93,0,0.49329550319460613,6.228760781513699,54.461858981248675,6.1899,6,300,16.6,383.78,7.37,23.3
0.22320727651067082,30.0,4.93,0,0.4764199210142101,6.337259993015015,58.9880323592656,6.3361,6,300,16.6,391.25,11.38,22.0
0.2097954502957573,30.0,4.93,0,0.4737311893005258,5.52488272576891,77.24153548603823,6.3361,6,300,16.6,394.62,12.4,20.1
0.2014197728768421,30.0,4.93,0,0.46787895624739834,5.887756350335999,61.96427867497725,7.0355,6,300,16.6,372.75,11.22,22.2
0.2149655726957935,30.0,4.93,0,0.4614514332813423,5.755429318668838,22.728649978399314,7.0355,6,300,16.6,374.71,5.19,23.7
0.31071264976713453,22.0,5.86,0,0.48923170583961917,5.108005558703253,92.43693025782376,7.9549,7,330,19.1,372.49,12.5,17.6
0.37580259528995474,22.0,5.86,0,0.48173317967188406,5.092442354652846,93.14781821009308,7.9549,7,330,19.1,389.13,18.46,18.5
0.5824999095613365,22.0,5.86,0,0.4681003910025895,5.6253071824283865,47.798165866067876,8.0555,7,330,19.1,390.18,9.16,24.3
0.38986266888970705,22.0,5.86,0,0.46804921227936386,5.724442095241853,90.82898158291084,8.0555,7,330,19.1,376.14,10.15,20.5
0.3257897440168511,22.0,5.86,0,0.4776421530070987,6.04262750868952,60.071921507886685,7.8265,7,330,19.1,374.71,9.52,24.5
0.3674422467206448,22.0,5.86,0,0.4976902152528939,6.36200508825943,25.73416853594656,7.8265,7,330,19.1,393.74,6.56,26.2
0.23110558977868145,22.0,5.86,0,0.47840408648636396,5.827549493677503,24.692419217308455,7.3967,7,330,19.1,396.28,5.9,24.4
0.3623577863581931,22.0,5.86,0,0.46596857046881895,6.022696134831833,17.422992949304856,7.3967,7,330,19.1,377.07,3.59,24.8
0.1583009728827004,22.0,5.86,0,0.4785425693591405,6.556139234945631,17.64230488134807,8.9067,7,330,19.1,386.09,3.53,29.6
0.6118726022911785,22.0,5.86,0,0.4782727643025233,7.974339011360372,24.9879876780398,8.9067,7,330,19.1,396.9,3.54,42.8
0.07636892773140139,80.0,3.64,0,0.4150311335705843,5.67189617476895,36.9672871736018,9.2203,1,315,16.4,392.89,6.57,21.9
0.06309765439601113,80.0,3.64,0,0.4414570513348219,5.50830897934075,34.799392805645226,9.2203,1,315,16.4,395.18,9.25,20.9
0.030269030213296404,90.0,3.75,0,0.44169065469791324,6.789798483986363,50.78557533669933,6.3361,3,244,15.9,386.34,3.11,44.0
1.1301350309293063,20.0,3.97,0,0.7039620636481342,8.103018291065737,96.30965736504461,1.801,5,264,13.0,389.7,5.12,50.0
1.1843856434829974,20.0,3.97,0,0.7154895609494535,6.901815034517773,99.39072550495703,1.8946,5,264,13.0,383.29,7.79,36.0
1.0168804723172875,20.0,3.97,0,0.7082656502954776,6.116756419465569,106.96089006452783,2.0107,5,264,13.0,391.93,6.9,30.1
0.9762507766062443,20.0,3.97,0,0.6943111130944517,6.604823451300841,98.28497273280554,2.1121,5,264,13.0,392.8,9.59,33.8
1.0655837812088447,20.0,3.97,0,0.6859347409125833,7.052483138350862,99.28565968850559,2.1398,5,264,13.0,388.37,7.26,43.1
0.8166416498425628,20.0,3.97,0,0.7227335980324986,8.147940571487357,96.50348883852544,2.2885,5,264,13.0,386.86,5.91,48.8
1.4517683644548487,20.0,3.97,0,0.6975921843401449,6.597905742740926,101.97612539385891,2.0788,5,264,13.0,393.42,11.25,31.0
1.0664133028377052,20.0,3.97,0,0.6971392929191295,6.84495724667636,105.80310013252276,1.9301,5,264,13.0,387.89,8.1,36.5
1.4245220973269785,20.0,3.97,0,0.6967587491289,5.224539874695688,75.53366784100689,1.9865,5,264,13.0,392.4,10.45,22.8
1.452372633849991,20.0,3.97,0,0.6989808476076785,6.411742956799036,93.40533950415153,2.1329,5,264,13.0,384.07,14.79,30.7
1.0706473225665523,20.0,3.97,0,0.6235563958807605,7.553024759366073,75.16587794092656,2.4216,5,264,13.0,384.54,7.44,50.0
0.9079024836171388,20.0,3.97,0,0.6192633799311976,6.831572718148948,60.64120925478089,2.872,5,264,13.0,390.3,3.16,43.5
0.14928205034128814,20.0,6.96,1,0.5085314105875961,5.363609087994764,66.88794907750749,3.9175,3,223,18.6,391.34,13.65,20.7
0.569804241636476,20.0,6.96,0,0.51367246729784,5.296524565833471,60.17687844734721,4.429,3,223,18.6,388.65,13.0,21.1
0.308828741205721,20.0,6.96,0,0.5085657522886624,5.654658444121969,24.6883976539433,4.429,3,223,18.6,396.9,6.59,25.2
0.22158324385463996,20.0,6.96,0,0.5068715421732284,5.962107141021324,74.7857926041275,3.9175,3,223,18.6,394.96,7.73,24.4
0.4341349069006149,20.0,6.96,1,0.515064302276919,7.162880857603062,69.40658025961226,4.3665,3,223,18.6,390.77,6.58,35.2
0.09909008249585567,40.0,6.41,1,0.49445022782579146,6.247579889604812,47.8915544907398,4.0776,4,254,17.6,396.9,3.53,32.4
0.16814281247087934,40.0,6.41,0,0.5120399298858269,6.360259312789952,50.641898436409754,4.2673,4,254,17.6,396.9,2.98,32.0
0.19882176114301586,40.0,6.41,1,0.4704903019160699,6.842396458886668,61.018650451683044,4.7872,4,254,17.6,389.25,6.05,33.2
0.11181664501937683,40.0,6.41,1,0.5079150685192246,6.354067507686677,37.47902196804542,4.8628,4,254,17.6,393.45,4.16,33.1
0.1476714587338098,40.0,6.41,0,0.5094608519249763,6.151295681419539,37.58149069634936,4.1403,4,254,17.6,396.9,7.19,29.1
0.39927943089798346,20.0,3.33,0,0.47216609767591855,6.3218339626794755,43.821796408608016,4.1007,5,216,14.9,396.9,4.85,35.1
0.06959219556511625,20.0,3.33,0,0.4894731240591965,7.418859110715092,68.60480104420098,4.6947,5,216,14.9,387.31,3.76,45.4
0.0618363602806747,20.0,3.33,0,0.4891855913400421,6.578358931721577,53.13839694230782,5.2447,5,216,14.9,392.23,4.59,35.4
0.10344473958365108,20.0,3.33,1,0.4788248830528218,7.127010584884652,57.376913513508036,5.2119,5,216,14.9,377.07,3.01,46.0
0.02322033445850572,90.0,1.21,1,0.44322183312409125,7.2837997713655405,35.8057982793642,5.885,1,198,13.6,395.52,3.16,50.0
0.01620960903871267,90.0,2.97,0,0.43889424154534173,6.496168339399769,32.216439357730714,7.3073,1,285,15.3,394.72,7.85,32.2
0.016636963660406144,55.0,2.25,0,0.45652270443423626,6.110050060362318,40.60547513147961,7.3073,1,300,15.3,394.72,8.23,22.0
0.03404950052815142,80.0,1.76,0,0.4443567839314746,5.828962813657034,44.433469007376374,9.0892,1,241,18.2,341.6,12.93,20.1
0.06856788690476515,52.5,5.32,0,0.4677155509499416,5.614922881201178,38.925481716887376,7.3172,6,293,16.6,396.9,7.14,23.2
0.07542612173634412,52.5,5.32,0,0.4622167206404324,5.913248739353831,59.95648648728622,7.3172,6,293,16.6,396.9,7.6,22.3
0.0771490526033252,52.5,5.32,0,0.44370948228782775,6.087463314999702,26.170101598766255,7.3172,6,293,16.6,371.72,9.51,24.8
0.05306405937643276,80.0,4.95,0,0.45575479733720226,6.305994790097545,38.53189789773206,5.1167,4,245,19.2,396.9,3.33,28.5
0.11976263908238151,80.0,4.95,0,0.46589374561227914,6.744834445486363,47.39464499529142,5.1167,4,245,19.2,396.9,3.56,37.3
0.06909350513392333,80.0,4.95,0,0.44877872191108054,6.119462449385404,28.398343376972125,5.1167,4,245,19.2,396.9,4.7,27.9
0.13885987825632046,0.0,13.92,0,0.4941299843017239,5.76040254949182,25.01127514737574,5.5027,4,289,16.0,396.9,8.58,23.9
0.128193845716164,0.0,13.92,0,0.4845967460184186,5.569136764395122,54.86953924829457,5.5027,4,289,16.0,396.9,10.4,21.7
0.22774824919514364,0.0,13.92,0,0.483251791924504,6.146021806585746,41.99790890969799,5.9604,4,289,16.0,396.9,6.27,28.6
0.10126202683622867,0.0,13.92,0,0.49410959968203494,6.208299373353167,62.753150496367795,5.9604,4,289,16.0,392.85,7.39,27.1
0.22676361975393988,0.0,13.92,0,0.4914426331148604,5.24595252620396,70.44593565073832,6.32,4,289,16.0,396.9,15.84,20.3
0.11712804908322827,70.0,2.24,0,0.44639033834180925,5.8469637798926675,33.27360734280885,7.8278,5,358,14.8,368.24,4.97,22.5
0.08578808626415171,70.0,2.24,0,0.4615932980336425,6.485751004558286,25.548499209781117,7.8278,5,358,14.8,371.58,4.74,29.0
0.06739639081200871,70.0,2.24,0,0.43918936672400105,6.348608586593534,59.44909328464256,7.8278,5,358,14.8,390.86,6.07,24.8
0.062452006659282695,34.0,6.09,0,0.4891593560694426,5.953585957002615,49.19371172690729,5.4917,7,329,16.1,395.75,9.5,22.0
0.16403762518419623,34.0,6.09,0,0.48893101257968385,5.98247754973521,31.762868506013653,5.4917,7,329,16.1,383.61,8.67,26.4
0.18187149507491035,34.0,6.09,0,0.4799045356068601,6.524940554112526,37.19940967447607,5.4917,7,329,16.1,390.43,4.86,33.1
0.10274696852740238,33.0,2.18,0,0.5252613302224212,6.723770249696772,50.43683126808713,4.022,7,222,18.4,393.68,6.93,36.1
0.10891846771687613,33.0,2.18,0,0.5094888642361469,6.061670197096361,63.2273534766468,3.37,7,222,18.4,393.36,8.93,28.4
0.13191400756651933,33.0,2.18,0,0.531240270192069,6.915113992967429,87.43540334643487,3.0992,7,222,18.4,396.9,6.47,33.4
0.08194410662273112,33.0,2.18,0,0.5201509786355701,6.344940830879612,79.698094180232,3.1827,7,222,18.4,396.9,7.53,28.2
0.9354754451485376,0.0,9.9,0,0.5887727697948096,6.205199168780675,81.63665226992981,3.3175,4,304,18.4,396.9,4.54,22.8
0.5714143942954844,0.0,9.9,0,0.6044900922583689,5.538290091755095,90.93710838575211,3.1025,4,304,18.4,396.24,9.97,20.3
4.531670199920645,0.0,9.9,0,0.5869565630945724,4.613260527179969,45.123359070230386,2.5194,4,304,18.4,350.45,12.64,16.1
1.2166213541883701,0.0,9.9,0,0.5799153870363645,5.447042325681306,62.347333588479195,2.6403,4,304,18.4,396.9,5.98,22.1
0.3958520180221955,0.0,9.9,0,0.578433708264761,5.647386323539128,102.05990165284507,2.834,4,304,18.4,396.3,11.72,19.4
0.5337291149729697,0.0,9.9,0,0.6000600995134564,5.835290519779591,93.75249839889533,3.2628,4,304,18.4,393.39,7.9,21.6
0.7081219302465531,0.0,9.9,0,0.5811957064750373,6.13884072655692,100.8472590856952,3.6023,4,304,18.4,395.69,9.28,23.8
0.46857560984855906,0.0,9.9,0,0.6115479418198437,5.115507562305556,85.52256814715079,3.945,4,304,18.4,396.42,11.5,16.2
0.5424837268093649,0.0,9.9,0,0.5731807059211628,5.443494967829203,95.76552899088041,3.9986,4,304,18.4,390.7,18.33,17.8
0.3890776165838864,0.0,9.9,0,0.6109645636829004,5.157225792732627,80.40226661208041,4.0317,4,304,18.4,396.9,15.94,19.8
0.634475409947315,0.0,9.9,0,0.5961101746720262,5.949349062424386,80.89405240443752,3.5325,4,304,18.4,395.21,10.36,23.1
0.77269649539516,0.0,9.9,0,0.5930328688812961,5.585100583777621,71.87683742006527,4.0019,4,304,18.4,396.23,12.73,21.0
0.29742519450237287,0.0,7.38,0,0.5375508091319106,6.009534705325976,57.62280648977702,4.5404,5,287,19.6,396.9,7.2,23.8
0.33726673680155217,0.0,7.38,0,0.5469913611435206,5.661485087222662,69.72991058087516,4.5404,5,287,19.6,396.9,6.87,23.1
0.6426208534303322,0.0,7.38,0,0.5426236529757515,5.659759841902952,57.22018277442976,4.7211,5,287,19.6,396.9,7.7,20.4
0.4656194160104461,0.0,7.38,0,0.5540330188201652,5.177017928977297,88.34028899140573,4.7211,5,287,19.6,391.13,11.74,18.5
0.6744824992907044,0.0,7.38,0,0.5441422764866204,5.85162231190679,51.93643656700671,4.7211,5,287,19.6,396.9,6.12,25.0
0.3585764512186251,0.0,7.38,0,0.5445030176146187,5.889620090254851,33.89091838397562,5.4159,5,287,19.6,393.68,5.08,24.6
0.5393199121578174,0.0,7.38,0,0.5393638778778614,5.830528765887771,37.78267008814073,5.4159,5,287,19.6,396.9,6.15,23.0
0.43526652573243296,0.0,7.38,0,0.5424305437627893,5.595982069973343,51.95341601940902,5.4159,5,287,19.6,396.9,12.79,22.2
0.11313746806542345,0.0,3.24,0,0.5130780176889206,5.363618852802089,35.702901970561335,5.2146,4,430,16.9,382.44,9.97,19.3
0.1091887158670289,0.0,3.24,0,0.49289831607343376,5.847700200162849,25.684101085828623,5.2146,4,430,16.9,375.21,7.34,22.6
0.07624769925895666,0.0,3.24,0,0.4965181457789429,5.547612088320509,46.19970950971025,5.8736,4,430,16.9,368.57,9.09,19.8
0.09437830506431262,35.0,6.06,0,0.49533264094022716,4.984947699840865,30.31844695781706,6.6407,1,304,16.9,394.02,12.43,17.1
0.05223943915795368,35.0,6.06,0,0.48960865438127943,5.586749178500783,28.03158790426823,6.6407,1,304,16.9,362.25,7.83,19.4
0.07919498615848328,0.0,5.19,0,0.5631601666364732,5.952980297957907,42.76098539210403,6.4584,5,224,20.2,389.71,5.68,22.2
0.05692978937938655,0.0,5.19,0,0.5651843393306539,5.818828204835125,53.251537959867875,6.4584,5,224,20.2,389.4,6.75,20.7
0.0602216339299272,0.0,5.19,0,0.5684758170536167,5.279029066234568,53.053066862909624,5.9853,5,224,20.2,396.9,8.01,21.1
0.06606331710702862,0.0,5.19,0,0.5596024031969064,5.449367456796973,55.77775390731264,5.2311,5,224,20.2,396.9,9.8,19.5
0.05631411775187326,0.0,5.19,0,0.5572169527459769,5.231088319455592,68.75589138404995,5.615,5,224,20.2,394.81,10.56,18.5
0.05742809339481349,0.0,5.19,0,0.5669584525509769,5.391229918592356,47.6502608155659,4.8122,5,224,20.2,396.14,8.51,20.6
0.08514397190549278,0.0,5.19,0,0.5552162722238497,5.5403588241707995,61.209391513040956,4.8122,5,224,20.2,396.9,9.74,19.0
0.10738464623921817,0.0,5.19,0,0.5690825275571447,5.4111016920814725,63.86323432904713,4.8122,5,224,20.2,396.9,9.29,18.7
0.02259493386892758,35.0,1.52,0,0.4749741639576216,6.578160337687146,60.49184491367392,7.0379,1,284,15.5,394.74,5.49,32.7
0.03963329135517609,0.0,1.89,0,0.5782915563732565,6.077912774098749,74.57598814891216,6.2669,1,422,15.9,389.96,8.65,16.5
0.04366142372006083,55.0,3.78,0,0.5387259748241304,6.216358036010236,68.90547084969923,5.7321,5,370,17.6,396.9,7.18,23.9
0.05181020467588796,55.0,3.78,0,0.5365602973431387,6.432168091394864,39.047908082993715,6.4654,5,370,17.6,387.97,4.61,31.2
0.05628070677618276,0.0,4.39,0,0.5018269098394551,5.6154756730692865,63.505230462835705,8.0136,3,352,18.8,385.64,10.53,17.5
0.1119972353832321,0.0,4.39,0,0.5086547444446258,5.4629277545066,48.78383853500381,8.0136,3,352,18.8,364.61,12.67,17.2
0.028473592491368615,85.0,4.15,0,0.4891437006501813,6.138394026676226,41.089376597654535,8.5353,4,351,17.9,392.43,6.36,23.1
0.02532646767277167,80.0,2.01,0,0.4665912576866835,6.131591653174077,36.42962158436288,8.344,4,280,17.0,390.94,5.99,24.5
0.05255683947827785,40.0,1.25,0,0.46620423033264297,6.515997323105864,35.346835515717714,8.7921,1,335,19.7,389.85,5.89,26.6
0.10878989651020461,40.0,1.25,0,0.4727518142230432,5.9666214088209255,56.9560129976249,8.7921,1,335,19.7,396.9,5.98,22.9
0.15329547118723583,60.0,1.69,0,0.4612609105021083,6.234589564620363,52.76829272581479,10.7103,4,411,18.3,370.78,5.49,24.1
0.1325178833372382,60.0,1.69,0,0.4661765902046912,5.350911976778555,27.81275742686154,10.7103,4,411,18.3,392.33,7.79,18.6
0.02702727467941082,90.0,2.02,0,0.45274256186846534,6.144647103839107,50.864372736014694,12.1265,5,187,17.0,384.46,4.5,30.1
0.06603258091284624,80.0,1.91,0,0.4648676676447708,5.362373564257146,39.96139128994322,10.5857,4,334,22.0,382.8,8.05,18.2
0.1941227354320056,80.0,1.91,0,0.45544617067646676,5.398594343015243,36.07457226792024,10.5857,4,334,22.0,376.04,5.57,20.6
13.593515021071484,0.0,18.1,1,0.8138848219700805,5.58923310075267,115.59982264685698,2.1222,24,666,20.2,377.73,17.6,17.8
6.902080127614226,0.0,18.1,1,0.8059333890315178,6.01596410186912,104.71063745535946,2.5052,24,666,20.2,391.34,13.27,21.7
10.24808573146855,0.0,18.1,1,0.810767667538891,5.45974276131623,93.77716819450796,2.7227,24,666,20.2,395.43,11.48,22.7
7.618101934462131,0.0,18.1,0,0.8064831539438366,5.5700980990633955,83.29017094051416,2.5091,24,666,20.2,390.74,12.67,22.6
7.694398375617963,0.0,18.1,0,0.8102412674702267,5.968501185575841,96.76968755935026,2.5182,24,666,20.2,374.56,7.79,25.0
6.989356984024179,0.0,18.1,0,0.8305364179660785,5.756576907765771,96.88376702341904,2.2955,24,666,20.2,350.65,14.19,19.9
6.360107473431854,0.0,18.1,0,0.8105060111116806,4.806167308747828,117.05471358748908,2.1036,24,666,20.2,380.79,10.19,20.8
7.485488437519855,0.0,18.1,1,0.846323820648374,5.295399460858759,98.12057093783832,1.9047,24,666,20.2,353.04,14.64,16.8
6.846876177918053,0.0,18.1,1,0.7729331790088089,8.226124400755362,93.51602403392243,1.9047,24,666,20.2,354.55,5.29,21.9
7.713321712238706,0.0,18.1,0,0.7698483612369487,3.1530673593079364,100.65742688020234,1.6132,24,666,20.2,354.7,7.12,27.5
7.32216172746441,0.0,18.1,0,0.7594164221981878,4.446063917596392,101.61801223186228,1.7523,24,666,20.2,316.03,14.0,21.9
26.40446622532914,0.0,18.1,0,0.6880030987940899,3.504371449690498,118.47525520215376,1.5106,24,666,20.2,131.42,13.33,23.1
7.826844026123815,0.0,18.1,0,0.6752436217376223,4.4811226061348695,106.88675319132774,1.3325,24,666,20.2,375.52,3.26,50.0
8.701608594368086,0.0,18.1,1,0.6822200981464537,6.273390764146479,107.77303727618622,1.3567,24,666,20.2,375.33,3.73,50.0
10.13762158214333,0.0,18.1,1,0.706600845382688,6.589552994258977,103.78764707150975,1.2024,24,666,20.2,392.05,2.96,50.0
13.932564680481402,0.0,18.1,0,0.6800394010027535,5.592390682478957,103.39988744389647,1.1691,24,666,20.2,366.15,9.53,50.0
12.791266783654725,0.0,18.1,1,0.7294927332628568,5.265868987940573,96.54115454547357,1.1296,24,666,20.2,347.88,8.88,50.0
20.455603769893116,0.0,18.1,0,0.7109682357487411,4.345086187909282,109.81481601475794,1.1742,24,666,20.2,396.9,34.77,13.8
28.405730928473503,0.0,18.1,0,0.7176501150950304,3.7472312764672577,107.8534888774137,1.137,24,666,20.2,396.9,37.97,13.8
32.5410625159967,0.0,18.1,0,0.7387080063563551,6.84464084496948,104.43789510063073,1.3163,24,666,20.2,396.9,13.44,15.0
29.390226877050512,0.0,18.1,0,0.7147303294221223,6.027690230002082,96.26841268164083,1.3449,24,666,20.2,363.02,23.24,13.9
14.849540813990764,0.0,18.1,0,0.7391244855799693,6.279828308636009,108.38447213685652,1.358,24,666,20.2,396.9,21.24,13.3
45.102656784979835,0.0,18.1,0,0.7280775193545548,5.648067046001831,98.676398129845,1.3861,24,666,20.2,396.9,23.69,13.1
29.317957352221956,0.0,18.1,0,0.7153753322410573,5.683668216060562,113.80027981844802,1.3861,24,666,20.2,393.74,21.78,10.2
138.72122866771502,0.0,18.1,0,0.7273240773905553,6.448795088350996,102.31219876467252,1.4165,24,666,20.2,396.9,17.21,10.4
29.341742228928336,0.0,18.1,0,0.7307255444962674,6.07591164642025,101.81224250267535,1.5192,24,666,20.2,396.9,21.08,10.9
16.669585256111866,0.0,18.1,0,0.7562180996221719,5.0226459095217715,108.45395461475069,1.5804,24,666,20.2,396.9,23.6,11.3
15.495308759337348,0.0,18.1,0,0.7342977528010954,5.035246983638054,106.23921797204709,1.5331,24,666,20.2,396.9,24.56,12.3
37.50926420384834,0.0,18.1,0,0.7427286282417512,3.797189132331141,102.7958725520959,1.4395,24,666,20.2,285.83,30.63,8.8
31.971680352722004,0.0,18.1,0,0.7475248136444849,4.681329768320541,114.80225223011571,1.4261,24,666,20.2,396.9,30.81,7.2
40.030647478194965,0.0,18.1,0,0.7492556657089995,4.230598946050796,100.62413765177128,1.4672,24,666,20.2,396.9,28.28,10.5
35.900459557372386,0.0,18.1,0,0.7562067209755068,4.6331232953557775,100.07513039573709,1.5184,24,666,20.2,396.9,31.99,7.4
26.880093332797287,0.0,18.1,0,0.7517770100093325,4.56362053731033,109.1993360221668,1.5895,24,666,20.2,372.92,30.62,10.2
15.516163508737264,0.0,18.1,0,0.736646556412899,4.839200867308746,112.25670038225233,1.7281,24,666,20.2,396.9,20.85,11.5
13.891247687189994,0.0,18.1,0,0.7538019785100596,5.323336660617388,108.06598314118844,1.9265,24,666,20.2,394.43,17.11,15.1
9.031577997388013,0.0,18.1,0,0.7561058574528382,5.766289059295248,88.7401533413059,2.1678,24,666,20.2,378.38,18.76,23.2
19.520444097750133,0.0,18.1,0,0.7555979044793104,4.497142139546903,105.4047303216669,1.77,24,666,20.2,396.9,25.68,9.7
16.32309185325199,0.0,18.1,0,0.7538078072555462,5.443700048256721,98.61987071598254,1.7912,24,666,20.2,396.9,15.17,13.8
22.31623356853613,0.0,18.1,0,0.751339221545489,5.387607091153989,110.080035692993,1.7821,24,666,20.2,396.9,16.35,12.7
17.131714458977434,0.0,18.1,0,0.7475918007922844,5.887150922554836,108.90655824335971,1.7257,24,666,20.2,391.98,17.12,13.1
11.328396299729878,0.0,18.1,0,0.7422983428854135,5.896817064145244,115.50595342876504,1.6768,24,666,20.2,396.9,19.37,12.5
13.153655378950843,0.0,18.1,0,0.72639039066484,5.256888965319114,108.5966959309269,1.6334,24,666,20.2,393.1,19.92,8.5
71.92632850886297,0.0,18.1,0,0.7472961821913258,4.861092351701224,106.45796616544769,1.4896,24,666,20.2,396.9,30.59,5.0
18.61605606900223,0.0,18.1,0,0.745076876871631,5.381027454418866,80.23142803693587,1.5004,24,666,20.2,338.16,29.97,6.3
38.86057536562583,0.0,18.1,0,0.7457157883719537,5.46026076859281,100.98430161872028,1.5888,24,666,20.2,396.9,26.77,5.6
27.778761845035824,0.0,18.1,0,0.7302325142417969,5.8108302193803985,102.07932028497255,1.5741,24,666,20.2,396.9,20.32,7.2
16.817692621410814,0.0,18.1,0,0.7321894345959173,5.970809045364305,111.33563325505742,1.639,24,666,20.2,376.11,20.31,12.1
47.45132506858219,0.0,18.1,0,0.7535315285333289,4.749795765046348,108.54362511614967,1.7028,24,666,20.2,396.9,19.77,8.3
68.93950194556025,0.0,18.1,0,0.7426044484614334,5.048495975669541,87.49404648983933,1.6074,24,666,20.2,329.46,27.38,8.5
132.29352704902237,0.0,18.1,0,0.7498150069737262,5.2585745159492845,114.47519157038057,1.4254,24,666,20.2,384.97,22.98,5.0
35.10568990849634,0.0,18.1,0,0.7092831837613046,3.5843490156429594,107.58469474158281,1.1781,24,666,20.2,370.22,23.34,11.9
17.9914109283031,0.0,18.1,0,0.7092975613949575,5.1978467981791034,110.73396505992775,1.2852,24,666,20.2,332.09,12.13,27.9
14.457509280695412,0.0,18.1,0,0.6563828380597599,5.114181884263087,115.96110314127714,1.4547,24,666,20.2,314.64,26.4,17.2
22.316462212720616,0.0,18.1,0,0.6418395527178262,6.352911899664421,114.48419657932766,1.4655,24,666,20.2,179.36,19.78,27.5
84.86787915454798,0.0,18.1,0,0.6479612077694098,5.148410443416842,108.65734676047084,1.413,24,666,20.2,2.6,10.11,15.0
27.750567840220373,0.0,18.1,0,0.6423772471129495,6.1095301767120045,105.54403887292357,1.5275,24,666,20.2,35.05,21.22,17.2
37.15743552052118,0.0,18.1,0,0.6426550377256768,4.130502695874514,99.24092299335348,1.5539,24,666,20.2,28.79,34.37,17.9
51.199860717241634,0.0,18.1,0,0.6439082787653135,4.573223370079972,106.4042334037879,1.5894,24,666,20.2,210.97,20.08,16.3
83.07119414582041,0.0,18.1,0,0.745221337716337,3.879979245098269,108.94434880586152,1.6582,24,666,20.2,88.27,36.98,7.0
31.181878943384557,0.0,18.1,0,0.7242125137833653,5.878218969364814,105.06410236424408,1.8347,24,666,20.2,27.25,29.05,7.2
17.839652071365585,0.0,18.1,0,0.7415575612557352,6.280964738015662,100.14371516453848,1.8195,24,666,20.2,21.57,25.79,7.5
43.173777752811425,0.0,18.1,0,0.720053926977805,4.935183623235016,99.48425941479384,1.6475,24,666,20.2,127.36,26.64,10.4
135.02766970050726,0.0,18.1,0,0.7271312835583864,5.563511366307537,108.8757200909596,1.8026,24,666,20.2,16.45,20.62,8.8
22.162086827038355,0.0,18.1,0,0.7636026894172582,6.354522470435467,83.2499870958827,1.794,24,666,20.2,48.45,22.74,8.4
21.019376744702985,0.0,18.1,0,0.7824697788435373,5.971951220215928,110.84327335983363,1.8589,24,666,20.2,318.75,15.02,16.7
13.306467236703803,0.0,18.1,0,0.7699655477651157,5.524697130298545,107.50970324784704,1.8746,24,666,20.2,319.98,15.7,14.2
18.621734685375614,0.0,18.1,0,0.6743184453946863,5.1423350075102885,92.14800461278577,1.9512,24,666,20.2,291.55,14.1,20.8
12.318565402340587,0.0,18.1,0,0.6491443962696303,5.550030724564326,102.15466189873135,2.0218,24,666,20.2,2.52,23.29,13.4
13.44121176255877,0.0,18.1,0,0.6366705026586925,5.0720498778059095,80.1070593385787,2.0635,24,666,20.2,3.65,17.16,11.7
28.14829646615957,0.0,18.1,0,0.7378963079562344,5.34734983561738,105.49424811472424,1.9096,24,666,20.2,7.68,24.39,8.3
21.07455617821001,0.0,18.1,0,0.6348228398927542,5.3305525585189875,73.2410721162828,1.9976,24,666,20.2,24.65,15.69,10.2
73.20916308031241,0.0,18.1,0,0.7396548037506536,5.899546656635387,89.86608065631751,1.8629,24,666,20.2,18.82,14.52,10.9
12.343279749061272,0.0,18.1,0,0.7238271154989964,5.7869335393818755,92.86568316956622,1.9356,24,666,20.2,96.73,21.52,11.0
14.554972994522801,0.0,18.1,0,0.7430934744018558,5.894408755572162,107.03562082600911,1.9682,24,666,20.2,60.72,24.08,9.5
13.345346976455673,0.0,18.1,0,0.6569889812361924,5.96896947428411,93.0378131267978,2.0527,24,666,20.2,83.45,17.64,14.5
18.924724214765362,0.0,18.1,0,0.6303716143956034,6.27300712700038,106.1075176260305,2.0882,24,666,20.2,81.33,19.69,14.1
11.657989055456577,0.0,18.1,0,0.6295449747859923,5.77192491676563,79.08136896339668,2.2004,24,666,20.2,97.95,12.03,16.1
8.653791367014312,0.0,18.1,0,0.777533844771177,5.8141238148302685,98.44279852888262,2.3158,24,666,20.2,100.19,16.22,14.3
21.4552058181002,0.0,18.1,0,0.7787957214573071,5.729344287093021,104.8338500467777,2.2222,24,666,20.2,100.63,15.17,11.7
20.652147947368178,0.0,18.1,0,0.7847713997284673,5.979927386315004,103.55941571363729,2.1247,24,666,20.2,109.85,23.27,13.4
22.15585038108838,0.0,18.1,0,0.7857981318290415,5.946133254279789,102.65731244280535,2.0026,24,666,20.2,27.49,18.05,9.6
29.002567245930795,0.0,18.1,0,0.7871821539113949,5.685708597111804,100.5907547725118,1.9142,24,666,20.2,9.32,26.45,8.7
25.347175903634636,0.0,18.1,0,0.7765554948896572,5.4963402663540935,95.1563754612952,1.8206,24,666,20.2,68.95,34.02,8.4
14.467903149979621,0.0,18.1,0,0.780813480535158,5.1572469686488125,104.36422450570558,1.8172,24,666,20.2,396.9,22.88,12.8
34.01203245853199,0.0,18.1,0,0.7799585923324793,5.356817681854123,103.199281959987,1.8662,24,666,20.2,391.45,22.11,10.5
19.38340042823478,0.0,18.1,0,0.7823220243489587,5.888958377762451,102.06162429537021,2.0651,24,666,20.2,385.96,19.52,17.1
9.559933404474302,0.0,18.1,0,0.7896531511261322,5.702942601895014,116.3285392043235,2.0048,24,666,20.2,395.69,16.59,18.4
16.796819892214025,0.0,18.1,0,0.7923421473253652,5.984695397984659,105.66912575892749,1.9784,24,666,20.2,386.73,18.85,15.4
24.40630194995036,0.0,18.1,0,0.8055050049281407,5.310306183025365,111.44728600263367,1.8956,24,666,20.2,240.52,23.79,10.8
21.06212368406253,0.0,18.1,0,0.7800164595926121,5.839935372521365,106.93597180935842,1.9879,24,666,20.2,43.06,23.98,11.8
12.53212685469634,0.0,18.1,0,0.7998432239847658,5.746044586455868,103.16886345078099,2.072,24,666,20.2,318.01,17.79,14.9
18.6258577409836,0.0,18.1,0,0.7878601115577449,5.899489796844991,115.47655446304756,2.198,24,666,20.2,388.52,16.44,12.6
15.748714768390307,0.0,18.1,0,0.7625053629034756,5.940392113490195,102.7318158412176,2.2616,24,666,20.2,396.9,18.13,14.1
11.603228614440674,0.0,18.1,0,0.769748194921666,5.823568008876072,112.89577086805001,2.185,24,666,20.2,304.21,19.31,13.0
12.68690769003203,0.0,18.1,0,0.751772779784377,6.385687869841542,107.60291159021489,2.3236,24,666,20.2,0.32,17.44,13.4
9.680887849703739,0.0,18.1,0,0.7668240974618404,6.177476540189269,104.84689895461678,2.3552,24,666,20.2,355.29,17.73,15.2
8.71493607240434,0.0,18.1,0,0.7646645220821305,5.914011302605935,108.76232650032165,2.3682,24,666,20.2,385.09,17.27,16.1
16.10998127007802,0.0,18.1,0,0.7679245126400814,7.073198043758001,108.04976742700524,2.4527,24,666,20.2,375.87,16.74,17.8
14.799390851796133,0.0,18.1,0,0.7658916864390781,6.173853727179521,105.54346814639928,2.4961,24,666,20.2,6.68,18.71,14.9
8.299123383439374,0.0,18.1,0,0.7875530013991089,5.949084483969735,97.80160919385611,2.4358,24,666,20.2,50.92,18.13,14.1
7.029749118649734,0.0,18.1,0,0.7566226001574868,5.533651040072672,97.22845629264727,2.5806,24,666,20.2,10.48,19.01,12.7
14.222514543762097,0.0,18.1,0,0.7576900304499818,5.695104229214491,94.3540413657989,2.7792,24,666,20.2,3.5,16.94,13.5
11.846582971419505,0.0,18.1,0,0.7567685947357523,5.855624444825248,97.66744360276107,2.7831,24,666,20.2,272.21,16.23,14.9
10.60580542379246,0.0,18.1,0,0.7574452288083974,5.541819599459746,85.6573401338091,2.7175,24,666,20.2,396.9,14.7,20.0
7.500970788951754,0.0,18.1,0,0.7566261287269348,6.3488911568774125,106.52170121439076,2.5975,24,666,20.2,255.23,16.42,16.4
6.738467529423928,0.0,18.1,0,0.7748901653110755,5.857664008022085,90.08754005982163,2.5671,24,666,20.2,391.43,14.65,17.7
12.464814493960526,0.0,18.1,0,0.7772050424798985,5.8185309849173,98.16273102170828,2.7344,24,666,20.2,396.9,13.99,19.5
10.429663543472666,0.0,18.1,0,0.7572925370625052,5.955070850039891,105.53352568413793,2.8016,24,666,20.2,393.82,10.29,20.2
15.530369251353724,0.0,18.1,0,0.6966764442689577,5.6970419631585845,69.94516784892402,2.9634,24,666,20.2,396.9,13.22,21.4
5.338370282690596,0.0,18.1,0,0.7097141555638641,5.3563068940881555,56.14592856022708,3.0665,24,666,20.2,334.4,14.13,19.9
6.20174870573615,0.0,18.1,0,0.6994777695571903,5.332342849833551,89.17147665757032,2.8715,24,666,20.2,22.01,17.15,19.0
8.554014276304843,0.0,18.1,0,0.6403293181775551,5.518852957302697,103.42539484855632,2.5403,24,666,20.2,331.29,21.32,19.1
25.104880851013718,0.0,18.1,0,0.632029230208513,5.428730453950993,79.4598285790713,2.9084,24,666,20.2,368.74,18.13,19.1
25.90976551271997,0.0,18.1,0,0.6148425588500277,5.30632679590732,70.59830266134671,2.8237,24,666,20.2,396.9,14.76,20.1
6.549613628993163,0.0,18.1,0,0.6454750520133006,5.711328225119151,100.55154373059804,3.0334,24,666,20.2,396.9,16.29,19.9
8.015999176282197,0.0,18.1,0,0.5999587767309552,5.81748027140269,107.67841905394978,3.0993,24,666,20.2,395.33,12.87,19.6
5.430031957289891,0.0,18.1,0,0.6238721130951561,5.9542946059923425,82.18915986710849,2.8965,24,666,20.2,393.37,14.36,23.2
9.040857011806214,0.0,18.1,0,0.6601229844006401,6.308829151985766,76.55389063127735,2.5329,24,666,20.2,374.68,11.66,29.8
14.209209658783163,0.0,18.1,0,0.636858653907249,5.064190114293135,96.98280903889525,2.4298,24,666,20.2,352.58,18.14,13.8
12.76375154868311,0.0,18.1,0,0.6373445678998703,5.823356139787674,103.37064966751906,2.206,24,666,20.2,302.76,24.1,13.3
7.486861661708835,0.0,18.1,0,0.6705854427267283,5.836882967250639,108.42425816548729,2.3053,24,666,20.2,396.21,18.68,16.7
26.695487228137402,0.0,18.1,0,0.6841020453876635,4.824932367715187,115.37791411774116,2.1007,24,666,20.2,349.48,24.91,12.0
20.308936423495123,0.0,18.1,0,0.6622305277250595,5.751907273865991,100.52825564060039,2.1705,24,666,20.2,379.7,18.03,14.6
25.24951378449083,0.0,18.1,0,0.6560170275546154,5.6250095312603925,95.03767870423553,1.9512,24,666,20.2,383.32,13.11,21.4
10.568826981243076,0.0,18.1,0,0.5682068077198548,5.802561553973686,74.56797121520538,3.4242,24,666,20.2,396.9,10.74,23.0
10.547999375744105,0.0,18.1,0,0.5746906996005808,6.067399028645307,86.30080579409804,3.3317,24,666,20.2,393.07,7.74,23.7
9.899263784377236,0.0,18.1,0,0.5816687302712621,6.493207412866073,82.95198240039177,3.4106,24,666,20.2,395.28,7.01,25.0
5.111918570873661,0.0,18.1,0,0.599945578635178,5.31079114081457,52.420305222320444,4.0983,24,666,20.2,392.92,10.42,21.8
4.262771246455464,0.0,18.1,0,0.6278238870096382,5.15526917867345,49.53080326464542,3.724,24,666,20.2,370.73,13.34,20.6
7.165783574200216,0.0,18.1,0,0.635237879516389,5.8725714923003345,61.827738645608605,3.9917,24,666,20.2,388.62,10.58,21.2
8.666959717654246,0.0,18.1,0,0.6328357710392725,5.539790462799069,92.53142124001849,3.5459,24,666,20.2,392.68,14.98,19.1
7.93282763350773,0.0,18.1,0,0.6448839327344809,5.375070741959351,63.23211134905469,3.1523,24,666,20.2,388.22,11.45,20.6
0.29797953824389484,0.0,27.74,0,0.6842693242587362,4.82382587106012,100.51807054736716,1.8209,4,711,20.1,395.09,18.06,15.2
0.35667883502603864,0.0,27.74,0,0.6536913122707968,4.757848880327314,107.75195098037085,1.7554,4,711,20.1,344.05,23.97,7.0
0.358455274966462,0.0,27.74,0,0.6541056055748178,4.589799585093424,107.55818520397332,1.8226,4,711,20.1,318.43,29.68,8.1
0.19139641044576725,0.0,27.74,0,0.6694416087706907,5.558341787034618,106.94994485058936,1.8681,4,711,20.1,390.11,18.07,13.6
0.18241903664472983,0.0,27.74,0,0.6658189148962631,5.437002785706088,92.20601968666449,2.1099,4,711,20.1,396.9,13.35,20.1
0.2762666390958625,0.0,9.69,0,0.6534670732573603,5.27477153697521,71.99323585252358,2.3817,6,391,19.2,396.9,12.01,21.8
0.48417308153453537,0.0,9.69,0,0.6408392818532596,5.224661275247338,55.40459723970619,2.3817,6,391,19.2,396.9,13.59,24.5
0.3001082576471916,0.0,9.69,0,0.6314070790921293,5.156346466891726,37.3225984098542,2.7986,6,391,19.2,393.29,17.6,23.1
0.5189134049960064,0.0,9.69,0,0.6409065483069231,4.926532155131211,86.38477202255368,2.7986,6,391,19.2,396.9,21.14,19.7
0.4130012109343313,0.0,9.69,0,0.646087035805829,5.2755319694135085,78.93090255121994,2.8927,6,391,19.2,396.9,14.1,18.3
0.4751786432045669,0.0,9.69,0,0.6432048218119736,5.65371262895297,81.1656231879332,2.4091,6,391,19.2,396.9,12.92,21.2
0.3544339283454039,0.0,9.69,0,0.640072740311073,5.166161403851065,85.34821096099047,2.3999,6,391,19.2,395.77,15.1,17.5
0.4148967626958752,0.0,9.69,0,0.6456667468958915,5.4069586092055575,89.16348927997886,2.4982,6,391,19.2,396.9,14.33,16.8
0.11073285771206615,0.0,11.93,0,0.6346929559044567,6.15868942789714,81.33858462905138,2.4786,1,273,21.0,391.99,9.67,22.4
0.07491115759464102,0.0,11.93,0,0.6368215899103752,5.7246910982681944,78.84561923965751,2.2875,1,273,21.0,396.9,9.08,20.6
0.1158630926986971,0.0,11.93,0,0.6294870988758964,6.422334724747271,95.36616265545098,2.1675,1,273,21.0,396.9,5.64,23.9
0.20190484460008984,0.0,11.93,0,0.6213288191968314,6.1754295845337,93.33037496800472,2.3889,1,273,21.0,393.45,6.48,22.0
0.07496983454717066,0.0,11.93,0,0.6244671368643332,5.458104668933494,91.51471547381853,2.505,1,273,21.0,396.9,7.88,11.9
